-- MySQL dump 10.13  Distrib 5.1.63, for debian-linux-gnu (x86_64)
--
-- Host: localhost    Database: cloudywaypayroll
-- ------------------------------------------------------
-- Server version	5.1.63-0ubuntu0.11.04.1

/*!40101 SET @OLD_CHARACTER_SET_CLIENT=@@CHARACTER_SET_CLIENT */;
/*!40101 SET @OLD_CHARACTER_SET_RESULTS=@@CHARACTER_SET_RESULTS */;
/*!40101 SET @OLD_COLLATION_CONNECTION=@@COLLATION_CONNECTION */;
/*!40101 SET NAMES utf8 */;
/*!40103 SET @OLD_TIME_ZONE=@@TIME_ZONE */;
/*!40103 SET TIME_ZONE='+00:00' */;
/*!40014 SET @OLD_UNIQUE_CHECKS=@@UNIQUE_CHECKS, UNIQUE_CHECKS=0 */;
/*!40014 SET @OLD_FOREIGN_KEY_CHECKS=@@FOREIGN_KEY_CHECKS, FOREIGN_KEY_CHECKS=0 */;
/*!40101 SET @OLD_SQL_MODE=@@SQL_MODE, SQL_MODE='NO_AUTO_VALUE_ON_ZERO' */;
/*!40111 SET @OLD_SQL_NOTES=@@SQL_NOTES, SQL_NOTES=0 */;

--
-- Table structure for table `accruedleaves`
--

DROP TABLE IF EXISTS `accruedleaves`;
/*!40101 SET @saved_cs_client     = @@character_set_client */;
/*!40101 SET character_set_client = utf8 */;
CREATE TABLE `accruedleaves` (
  `accruedleaves_id` int(11) NOT NULL AUTO_INCREMENT,
  `users_id` int(11) DEFAULT NULL,
  `leavetypes_id` int(11) DEFAULT NULL,
  `value` float DEFAULT NULL,
  `date` timestamp NULL DEFAULT NULL,
  `availability` timestamp NULL DEFAULT NULL,
  PRIMARY KEY (`accruedleaves_id`),
  KEY `accruedleaves_users` (`users_id`),
  KEY `accruedleaves_leavetypes` (`leavetypes_id`),
  KEY `date` (`date`,`availability`),
  CONSTRAINT `accruedleaves_users` FOREIGN KEY (`users_id`) REFERENCES `users` (`users_id`) ON DELETE NO ACTION ON UPDATE NO ACTION,
  CONSTRAINT `accruedleaves_leavetypes` FOREIGN KEY (`leavetypes_id`) REFERENCES `leavetypes` (`leavetypes_id`) ON DELETE NO ACTION ON UPDATE NO ACTION
) ENGINE=InnoDB DEFAULT CHARSET=utf8;
/*!40101 SET character_set_client = @saved_cs_client */;

--
-- Dumping data for table `accruedleaves`
--

LOCK TABLES `accruedleaves` WRITE;
/*!40000 ALTER TABLE `accruedleaves` DISABLE KEYS */;
/*!40000 ALTER TABLE `accruedleaves` ENABLE KEYS */;
UNLOCK TABLES;

--
-- Table structure for table `actualshifts`
--

DROP TABLE IF EXISTS `actualshifts`;
/*!40101 SET @saved_cs_client     = @@character_set_client */;
/*!40101 SET character_set_client = utf8 */;
CREATE TABLE `actualshifts` (
  `actualshifts_id` bigint(20) NOT NULL AUTO_INCREMENT,
  `users_id` int(11) DEFAULT NULL,
  `start` timestamp NULL DEFAULT NULL,
  `end` timestamp NULL DEFAULT NULL,
  `breaks` time DEFAULT NULL,
  PRIMARY KEY (`actualshifts_id`),
  KEY `actualshifts_users` (`users_id`),
  KEY `time` (`start`,`end`),
  KEY `breaks` (`breaks`),
  CONSTRAINT `actualshifts_users` FOREIGN KEY (`users_id`) REFERENCES `users` (`users_id`) ON DELETE NO ACTION ON UPDATE NO ACTION
) ENGINE=InnoDB AUTO_INCREMENT=22113 DEFAULT CHARSET=utf8;
/*!40101 SET character_set_client = @saved_cs_client */;

--
-- Dumping data for table `actualshifts`
--

LOCK TABLES `actualshifts` WRITE;
/*!40000 ALTER TABLE `actualshifts` DISABLE KEYS */;
INSERT INTO `actualshifts` VALUES (1,1,'2012-07-02 00:00:00','2012-07-02 09:00:00','01:00:00'),(2,1,'2012-07-03 00:00:00','2012-07-03 09:00:00','01:00:00'),(3,1,'2012-07-04 00:00:00','2012-07-04 09:00:00','01:00:00'),(4,1,'2012-07-05 00:00:00','2012-07-05 09:00:00','01:00:00'),(5,1,'2012-07-06 00:00:00','2012-07-06 09:00:00','01:00:00'),(6,1,'2012-07-09 00:00:00','2012-07-09 09:00:00','01:00:00'),(7,1,'2012-07-10 00:00:00','2012-07-10 09:00:00','01:00:00'),(8,1,'2012-07-11 00:00:00','2012-07-11 09:00:00','01:00:00'),(9,1,'2012-07-12 00:00:00','2012-07-12 09:00:00','01:00:00'),(10,1,'2012-07-13 00:00:00','2012-07-13 09:00:00','01:00:00'),(11,1,'2012-07-16 00:00:00','2012-07-16 09:00:00','01:00:00'),(12,1,'2012-07-17 00:00:00','2012-07-17 09:00:00','01:00:00'),(13,1,'2012-07-18 00:00:00','2012-07-18 09:00:00','01:00:00'),(14,1,'2012-07-19 00:00:00','2012-07-19 09:00:00','01:00:00'),(15,1,'2012-07-20 00:00:00','2012-07-20 09:00:00','01:00:00'),(16,1,'2012-07-23 00:00:00','2012-07-23 09:00:00','01:00:00'),(17,1,'2012-07-24 00:00:00','2012-07-24 09:00:00','01:00:00'),(18,1,'2012-07-25 00:00:00','2012-07-25 09:00:00','01:00:00'),(19,1,'2012-07-26 00:00:00','2012-07-26 09:00:00','01:00:00'),(20,1,'2012-07-27 00:00:00','2012-07-27 09:00:00','01:00:00'),(21,1,'2012-07-30 00:00:00','2012-07-30 09:00:00','01:00:00'),(22,1,'2012-07-31 00:00:00','2012-07-31 09:00:00','01:00:00'),(23,2,'2012-07-02 00:00:00','2012-07-02 09:00:00','01:00:00'),(24,2,'2012-07-03 00:00:00','2012-07-03 09:00:00','01:00:00'),(25,2,'2012-07-04 00:00:00','2012-07-04 09:00:00','01:00:00'),(26,2,'2012-07-05 00:00:00','2012-07-05 09:00:00','01:00:00'),(27,2,'2012-07-06 00:00:00','2012-07-06 09:00:00','01:00:00'),(28,2,'2012-07-09 00:00:00','2012-07-09 09:00:00','01:00:00'),(29,2,'2012-07-10 00:00:00','2012-07-10 09:00:00','01:00:00'),(30,2,'2012-07-11 00:00:00','2012-07-11 09:00:00','01:00:00'),(31,2,'2012-07-12 00:00:00','2012-07-12 09:00:00','01:00:00'),(32,2,'2012-07-13 00:00:00','2012-07-13 09:00:00','01:00:00'),(33,2,'2012-07-16 00:00:00','2012-07-16 09:00:00','01:00:00'),(34,2,'2012-07-17 00:00:00','2012-07-17 09:00:00','01:00:00'),(35,2,'2012-07-18 00:00:00','2012-07-18 09:00:00','01:00:00'),(36,2,'2012-07-19 00:00:00','2012-07-19 09:00:00','01:00:00'),(37,2,'2012-07-20 00:00:00','2012-07-20 09:00:00','01:00:00'),(38,2,'2012-07-23 00:00:00','2012-07-23 09:00:00','01:00:00'),(39,2,'2012-07-24 00:00:00','2012-07-24 09:00:00','01:00:00'),(40,2,'2012-07-25 00:00:00','2012-07-25 09:00:00','01:00:00'),(41,2,'2012-07-26 00:00:00','2012-07-26 09:00:00','01:00:00'),(42,2,'2012-07-27 00:00:00','2012-07-27 09:00:00','01:00:00'),(43,2,'2012-07-30 00:00:00','2012-07-30 09:00:00','01:00:00'),(44,2,'2012-07-31 00:00:00','2012-07-31 09:00:00','01:00:00'),(45,3,'2012-07-02 00:00:00','2012-07-02 09:00:00','01:00:00'),(46,3,'2012-07-03 00:00:00','2012-07-03 09:00:00','01:00:00'),(47,3,'2012-07-04 00:00:00','2012-07-04 09:00:00','01:00:00'),(48,3,'2012-07-05 00:00:00','2012-07-05 09:00:00','01:00:00'),(49,3,'2012-07-06 00:00:00','2012-07-06 09:00:00','01:00:00'),(50,3,'2012-07-09 00:00:00','2012-07-09 09:00:00','01:00:00'),(51,3,'2012-07-10 00:00:00','2012-07-10 09:00:00','01:00:00'),(52,3,'2012-07-11 00:00:00','2012-07-11 09:00:00','01:00:00'),(53,3,'2012-07-12 00:00:00','2012-07-12 09:00:00','01:00:00'),(54,3,'2012-07-13 00:00:00','2012-07-13 09:00:00','01:00:00'),(55,3,'2012-07-16 00:00:00','2012-07-16 09:00:00','01:00:00'),(56,3,'2012-07-17 00:00:00','2012-07-17 09:00:00','01:00:00'),(57,3,'2012-07-18 00:00:00','2012-07-18 09:00:00','01:00:00'),(58,3,'2012-07-19 00:00:00','2012-07-19 09:00:00','01:00:00'),(59,3,'2012-07-20 00:00:00','2012-07-20 09:00:00','01:00:00'),(60,3,'2012-07-23 00:00:00','2012-07-23 09:00:00','01:00:00'),(61,3,'2012-07-24 00:00:00','2012-07-24 09:00:00','01:00:00'),(62,3,'2012-07-25 00:00:00','2012-07-25 09:00:00','01:00:00'),(63,3,'2012-07-26 00:00:00','2012-07-26 09:00:00','01:00:00'),(64,3,'2012-07-27 00:00:00','2012-07-27 09:00:00','01:00:00'),(65,3,'2012-07-30 00:00:00','2012-07-30 09:00:00','01:00:00'),(66,3,'2012-07-31 00:00:00','2012-07-31 09:00:00','01:00:00'),(67,4,'2012-07-02 00:00:00','2012-07-02 09:00:00','01:00:00'),(68,4,'2012-07-03 00:00:00','2012-07-03 09:00:00','01:00:00'),(69,4,'2012-07-04 00:00:00','2012-07-04 09:00:00','01:00:00'),(70,4,'2012-07-05 00:00:00','2012-07-05 09:00:00','01:00:00'),(71,4,'2012-07-06 00:00:00','2012-07-06 09:00:00','01:00:00'),(72,4,'2012-07-09 00:00:00','2012-07-09 09:00:00','01:00:00'),(73,4,'2012-07-10 00:00:00','2012-07-10 09:00:00','01:00:00'),(74,4,'2012-07-11 00:00:00','2012-07-11 09:00:00','01:00:00'),(75,4,'2012-07-12 00:00:00','2012-07-12 09:00:00','01:00:00'),(76,4,'2012-07-13 00:00:00','2012-07-13 09:00:00','01:00:00'),(77,4,'2012-07-16 00:00:00','2012-07-16 09:00:00','01:00:00'),(78,4,'2012-07-17 00:00:00','2012-07-17 09:00:00','01:00:00'),(79,4,'2012-07-18 00:00:00','2012-07-18 09:00:00','01:00:00'),(80,4,'2012-07-19 00:00:00','2012-07-19 09:00:00','01:00:00'),(81,4,'2012-07-20 00:00:00','2012-07-20 09:00:00','01:00:00'),(82,4,'2012-07-23 00:00:00','2012-07-23 09:00:00','01:00:00'),(83,4,'2012-07-24 00:00:00','2012-07-24 09:00:00','01:00:00'),(84,4,'2012-07-25 00:00:00','2012-07-25 09:00:00','01:00:00'),(85,4,'2012-07-26 00:00:00','2012-07-26 09:00:00','01:00:00'),(86,4,'2012-07-27 00:00:00','2012-07-27 09:00:00','01:00:00'),(87,4,'2012-07-30 00:00:00','2012-07-30 09:00:00','01:00:00'),(88,4,'2012-07-31 00:00:00','2012-07-31 09:00:00','01:00:00'),(89,5,'2012-07-02 00:00:00','2012-07-02 09:00:00','01:00:00'),(90,5,'2012-07-03 00:00:00','2012-07-03 09:00:00','01:00:00'),(91,5,'2012-07-04 00:00:00','2012-07-04 09:00:00','01:00:00'),(92,5,'2012-07-05 00:00:00','2012-07-05 09:00:00','01:00:00'),(93,5,'2012-07-06 00:00:00','2012-07-06 09:00:00','01:00:00'),(94,5,'2012-07-09 00:00:00','2012-07-09 09:00:00','01:00:00'),(95,5,'2012-07-10 00:00:00','2012-07-10 09:00:00','01:00:00'),(96,5,'2012-07-11 00:00:00','2012-07-11 09:00:00','01:00:00'),(97,5,'2012-07-12 00:00:00','2012-07-12 09:00:00','01:00:00'),(98,5,'2012-07-13 00:00:00','2012-07-13 09:00:00','01:00:00'),(99,5,'2012-07-16 00:00:00','2012-07-16 09:00:00','01:00:00'),(100,5,'2012-07-17 00:00:00','2012-07-17 09:00:00','01:00:00'),(101,5,'2012-07-18 00:00:00','2012-07-18 09:00:00','01:00:00'),(102,5,'2012-07-19 00:00:00','2012-07-19 09:00:00','01:00:00'),(103,5,'2012-07-20 00:00:00','2012-07-20 09:00:00','01:00:00'),(104,5,'2012-07-23 00:00:00','2012-07-23 09:00:00','01:00:00'),(105,5,'2012-07-24 00:00:00','2012-07-24 09:00:00','01:00:00'),(106,5,'2012-07-25 00:00:00','2012-07-25 09:00:00','01:00:00'),(107,5,'2012-07-26 00:00:00','2012-07-26 09:00:00','01:00:00'),(108,5,'2012-07-27 00:00:00','2012-07-27 09:00:00','01:00:00'),(109,5,'2012-07-30 00:00:00','2012-07-30 09:00:00','01:00:00'),(110,5,'2012-07-31 00:00:00','2012-07-31 09:00:00','01:00:00'),(111,6,'2012-07-02 00:00:00','2012-07-02 09:00:00','01:00:00'),(112,6,'2012-07-03 00:00:00','2012-07-03 09:00:00','01:00:00'),(113,6,'2012-07-04 00:00:00','2012-07-04 09:00:00','01:00:00'),(114,6,'2012-07-05 00:00:00','2012-07-05 09:00:00','01:00:00'),(115,6,'2012-07-06 00:00:00','2012-07-06 09:00:00','01:00:00'),(116,6,'2012-07-09 00:00:00','2012-07-09 09:00:00','01:00:00'),(117,6,'2012-07-10 00:00:00','2012-07-10 09:00:00','01:00:00'),(118,6,'2012-07-11 00:00:00','2012-07-11 09:00:00','01:00:00'),(119,6,'2012-07-12 00:00:00','2012-07-12 09:00:00','01:00:00'),(120,6,'2012-07-13 00:00:00','2012-07-13 09:00:00','01:00:00'),(121,6,'2012-07-16 00:00:00','2012-07-16 09:00:00','01:00:00'),(122,6,'2012-07-17 00:00:00','2012-07-17 09:00:00','01:00:00'),(123,6,'2012-07-18 00:00:00','2012-07-18 09:00:00','01:00:00'),(124,6,'2012-07-19 00:00:00','2012-07-19 09:00:00','01:00:00'),(125,6,'2012-07-20 00:00:00','2012-07-20 09:00:00','01:00:00'),(126,6,'2012-07-23 00:00:00','2012-07-23 09:00:00','01:00:00'),(127,6,'2012-07-24 00:00:00','2012-07-24 09:00:00','01:00:00'),(128,6,'2012-07-25 00:00:00','2012-07-25 09:00:00','01:00:00'),(129,6,'2012-07-26 00:00:00','2012-07-26 09:00:00','01:00:00'),(130,6,'2012-07-27 00:00:00','2012-07-27 09:00:00','01:00:00'),(131,6,'2012-07-30 00:00:00','2012-07-30 09:00:00','01:00:00'),(132,6,'2012-07-31 00:00:00','2012-07-31 09:00:00','01:00:00'),(133,7,'2012-07-02 00:00:00','2012-07-02 09:00:00','01:00:00'),(134,7,'2012-07-03 00:00:00','2012-07-03 09:00:00','01:00:00'),(135,7,'2012-07-04 00:00:00','2012-07-04 09:00:00','01:00:00'),(136,7,'2012-07-05 00:00:00','2012-07-05 09:00:00','01:00:00'),(137,7,'2012-07-06 00:00:00','2012-07-06 09:00:00','01:00:00'),(138,7,'2012-07-09 00:00:00','2012-07-09 09:00:00','01:00:00'),(139,7,'2012-07-10 00:00:00','2012-07-10 09:00:00','01:00:00'),(140,7,'2012-07-11 00:00:00','2012-07-11 09:00:00','01:00:00'),(141,7,'2012-07-12 00:00:00','2012-07-12 09:00:00','01:00:00'),(142,7,'2012-07-13 00:00:00','2012-07-13 09:00:00','01:00:00'),(143,7,'2012-07-16 00:00:00','2012-07-16 09:00:00','01:00:00'),(144,7,'2012-07-17 00:00:00','2012-07-17 09:00:00','01:00:00'),(145,7,'2012-07-18 00:00:00','2012-07-18 09:00:00','01:00:00'),(146,7,'2012-07-19 00:00:00','2012-07-19 09:00:00','01:00:00'),(147,7,'2012-07-20 00:00:00','2012-07-20 09:00:00','01:00:00'),(148,7,'2012-07-23 00:00:00','2012-07-23 09:00:00','01:00:00'),(149,7,'2012-07-24 00:00:00','2012-07-24 09:00:00','01:00:00'),(150,7,'2012-07-25 00:00:00','2012-07-25 09:00:00','01:00:00'),(151,7,'2012-07-26 00:00:00','2012-07-26 09:00:00','01:00:00'),(152,7,'2012-07-27 00:00:00','2012-07-27 09:00:00','01:00:00'),(153,7,'2012-07-30 00:00:00','2012-07-30 09:00:00','01:00:00'),(154,7,'2012-07-31 00:00:00','2012-07-31 09:00:00','01:00:00'),(155,8,'2012-07-02 00:00:00','2012-07-02 09:00:00','01:00:00'),(156,8,'2012-07-03 00:00:00','2012-07-03 09:00:00','01:00:00'),(157,8,'2012-07-04 00:00:00','2012-07-04 09:00:00','01:00:00'),(158,8,'2012-07-05 00:00:00','2012-07-05 09:00:00','01:00:00'),(159,8,'2012-07-06 00:00:00','2012-07-06 09:00:00','01:00:00'),(160,8,'2012-07-09 00:00:00','2012-07-09 09:00:00','01:00:00'),(161,8,'2012-07-10 00:00:00','2012-07-10 09:00:00','01:00:00'),(162,8,'2012-07-11 00:00:00','2012-07-11 09:00:00','01:00:00'),(163,8,'2012-07-12 00:00:00','2012-07-12 09:00:00','01:00:00'),(164,8,'2012-07-13 00:00:00','2012-07-13 09:00:00','01:00:00'),(165,8,'2012-07-16 00:00:00','2012-07-16 09:00:00','01:00:00'),(166,8,'2012-07-17 00:00:00','2012-07-17 09:00:00','01:00:00'),(167,8,'2012-07-18 00:00:00','2012-07-18 09:00:00','01:00:00'),(168,8,'2012-07-19 00:00:00','2012-07-19 09:00:00','01:00:00'),(169,8,'2012-07-20 00:00:00','2012-07-20 09:00:00','01:00:00'),(170,8,'2012-07-23 00:00:00','2012-07-23 09:00:00','01:00:00'),(171,8,'2012-07-24 00:00:00','2012-07-24 09:00:00','01:00:00'),(172,8,'2012-07-25 00:00:00','2012-07-25 09:00:00','01:00:00'),(173,8,'2012-07-26 00:00:00','2012-07-26 09:00:00','01:00:00'),(174,8,'2012-07-27 00:00:00','2012-07-27 09:00:00','01:00:00'),(175,8,'2012-07-30 00:00:00','2012-07-30 09:00:00','01:00:00'),(176,8,'2012-07-31 00:00:00','2012-07-31 09:00:00','01:00:00'),(177,9,'2012-07-02 00:00:00','2012-07-02 09:00:00','01:00:00'),(178,9,'2012-07-03 00:00:00','2012-07-03 09:00:00','01:00:00'),(179,9,'2012-07-04 00:00:00','2012-07-04 09:00:00','01:00:00'),(180,9,'2012-07-05 00:00:00','2012-07-05 09:00:00','01:00:00'),(181,9,'2012-07-06 00:00:00','2012-07-06 09:00:00','01:00:00'),(182,9,'2012-07-09 00:00:00','2012-07-09 09:00:00','01:00:00'),(183,9,'2012-07-10 00:00:00','2012-07-10 09:00:00','01:00:00'),(184,9,'2012-07-11 00:00:00','2012-07-11 09:00:00','01:00:00'),(185,9,'2012-07-12 00:00:00','2012-07-12 09:00:00','01:00:00'),(186,9,'2012-07-13 00:00:00','2012-07-13 09:00:00','01:00:00'),(187,9,'2012-07-16 00:00:00','2012-07-16 09:00:00','01:00:00'),(188,9,'2012-07-17 00:00:00','2012-07-17 09:00:00','01:00:00'),(189,9,'2012-07-18 00:00:00','2012-07-18 09:00:00','01:00:00'),(190,9,'2012-07-19 00:00:00','2012-07-19 09:00:00','01:00:00'),(191,9,'2012-07-20 00:00:00','2012-07-20 09:00:00','01:00:00'),(192,9,'2012-07-23 00:00:00','2012-07-23 09:00:00','01:00:00'),(193,9,'2012-07-24 00:00:00','2012-07-24 09:00:00','01:00:00'),(194,9,'2012-07-25 00:00:00','2012-07-25 09:00:00','01:00:00'),(195,9,'2012-07-26 00:00:00','2012-07-26 09:00:00','01:00:00'),(196,9,'2012-07-27 00:00:00','2012-07-27 09:00:00','01:00:00'),(197,9,'2012-07-30 00:00:00','2012-07-30 09:00:00','01:00:00'),(198,9,'2012-07-31 00:00:00','2012-07-31 09:00:00','01:00:00'),(199,10,'2012-07-02 00:00:00','2012-07-02 09:00:00','01:00:00'),(200,10,'2012-07-03 00:00:00','2012-07-03 09:00:00','01:00:00'),(201,10,'2012-07-04 00:00:00','2012-07-04 09:00:00','01:00:00'),(202,10,'2012-07-05 00:00:00','2012-07-05 09:00:00','01:00:00'),(203,10,'2012-07-06 00:00:00','2012-07-06 09:00:00','01:00:00'),(204,10,'2012-07-09 00:00:00','2012-07-09 09:00:00','01:00:00'),(205,10,'2012-07-10 00:00:00','2012-07-10 09:00:00','01:00:00'),(206,10,'2012-07-11 00:00:00','2012-07-11 09:00:00','01:00:00'),(207,10,'2012-07-12 00:00:00','2012-07-12 09:00:00','01:00:00'),(208,10,'2012-07-13 00:00:00','2012-07-13 09:00:00','01:00:00'),(209,10,'2012-07-16 00:00:00','2012-07-16 09:00:00','01:00:00'),(210,10,'2012-07-17 00:00:00','2012-07-17 09:00:00','01:00:00'),(211,10,'2012-07-18 00:00:00','2012-07-18 09:00:00','01:00:00'),(212,10,'2012-07-19 00:00:00','2012-07-19 09:00:00','01:00:00'),(213,10,'2012-07-20 00:00:00','2012-07-20 09:00:00','01:00:00'),(214,10,'2012-07-23 00:00:00','2012-07-23 09:00:00','01:00:00'),(215,10,'2012-07-24 00:00:00','2012-07-24 09:00:00','01:00:00'),(216,10,'2012-07-25 00:00:00','2012-07-25 09:00:00','01:00:00'),(217,10,'2012-07-26 00:00:00','2012-07-26 09:00:00','01:00:00'),(218,10,'2012-07-27 00:00:00','2012-07-27 09:00:00','01:00:00'),(219,10,'2012-07-30 00:00:00','2012-07-30 09:00:00','01:00:00'),(220,10,'2012-07-31 00:00:00','2012-07-31 09:00:00','01:00:00');
/*!40000 ALTER TABLE `actualshifts` ENABLE KEYS */;
UNLOCK TABLES;

--
-- Table structure for table `categories`
--

DROP TABLE IF EXISTS `categories`;
/*!40101 SET @saved_cs_client     = @@character_set_client */;
/*!40101 SET character_set_client = utf8 */;
CREATE TABLE `categories` (
  `categories_id` int(11) NOT NULL AUTO_INCREMENT,
  `name` varchar(250) DEFAULT NULL,
  `code` varchar(32) DEFAULT NULL,
  `description` text,
  `created` timestamp NULL DEFAULT NULL,
  `updated` timestamp NULL DEFAULT NULL,
  PRIMARY KEY (`categories_id`)
) ENGINE=InnoDB AUTO_INCREMENT=2 DEFAULT CHARSET=utf8;
/*!40101 SET character_set_client = @saved_cs_client */;

--
-- Dumping data for table `categories`
--

LOCK TABLES `categories` WRITE;
/*!40000 ALTER TABLE `categories` DISABLE KEYS */;
INSERT INTO `categories` VALUES (1,'Development','dev',NULL,'2012-08-02 04:40:02','2012-08-02 04:40:02');
/*!40000 ALTER TABLE `categories` ENABLE KEYS */;
UNLOCK TABLES;

--
-- Table structure for table `categorypackages`
--

DROP TABLE IF EXISTS `categorypackages`;
/*!40101 SET @saved_cs_client     = @@character_set_client */;
/*!40101 SET character_set_client = utf8 */;
CREATE TABLE `categorypackages` (
  `categorypackages_id` int(11) NOT NULL AUTO_INCREMENT,
  `categories_id` int(11) DEFAULT NULL,
  `packages_id` int(11) DEFAULT NULL,
  `order` int(11) DEFAULT NULL,
  `status` tinyint(4) DEFAULT NULL,
  PRIMARY KEY (`categorypackages_id`),
  KEY `categorypackages_categories` (`categories_id`),
  KEY `categorypackages_packages` (`packages_id`),
  KEY `status` (`status`),
  CONSTRAINT `categorypackages_categories` FOREIGN KEY (`categories_id`) REFERENCES `categories` (`categories_id`) ON DELETE NO ACTION ON UPDATE NO ACTION,
  CONSTRAINT `categorypackages_packages` FOREIGN KEY (`packages_id`) REFERENCES `packages` (`packages_id`) ON DELETE NO ACTION ON UPDATE NO ACTION
) ENGINE=InnoDB AUTO_INCREMENT=6 DEFAULT CHARSET=utf8;
/*!40101 SET character_set_client = @saved_cs_client */;

--
-- Dumping data for table `categorypackages`
--

LOCK TABLES `categorypackages` WRITE;
/*!40000 ALTER TABLE `categorypackages` DISABLE KEYS */;
INSERT INTO `categorypackages` VALUES (1,1,1,1,1),(2,1,3,2,1),(3,1,4,3,1),(4,1,5,4,1),(5,1,6,5,1);
/*!40000 ALTER TABLE `categorypackages` ENABLE KEYS */;
UNLOCK TABLES;

--
-- Table structure for table `computations`
--

DROP TABLE IF EXISTS `computations`;
/*!40101 SET @saved_cs_client     = @@character_set_client */;
/*!40101 SET character_set_client = utf8 */;
CREATE TABLE `computations` (
  `computations_id` bigint(20) NOT NULL AUTO_INCREMENT,
  `payrolls_id` int(11) DEFAULT NULL,
  `users_id` int(11) DEFAULT NULL,
  `packages_id` int(11) DEFAULT NULL,
  `earnings` decimal(10,2) DEFAULT NULL,
  `deductions` decimal(10,2) DEFAULT NULL,
  `employerearnings` decimal(10,2) DEFAULT NULL,
  `employerdeductions` decimal(10,2) DEFAULT NULL,
  `paymentdate` date DEFAULT NULL,
  `status` tinyint(4) DEFAULT NULL,
  PRIMARY KEY (`computations_id`),
  UNIQUE KEY `unique` (`payrolls_id`,`users_id`,`packages_id`),
  KEY `computations_users` (`users_id`),
  KEY `computations_payrolls` (`payrolls_id`),
  KEY `packages_id` (`packages_id`),
  KEY `status` (`status`),
  KEY `date` (`paymentdate`),
  CONSTRAINT `computations_users` FOREIGN KEY (`users_id`) REFERENCES `users` (`users_id`) ON DELETE NO ACTION ON UPDATE NO ACTION,
  CONSTRAINT `computations_payrolls` FOREIGN KEY (`payrolls_id`) REFERENCES `payrolls` (`payrolls_id`) ON DELETE NO ACTION ON UPDATE NO ACTION,
  CONSTRAINT `packages_id` FOREIGN KEY (`packages_id`) REFERENCES `packages` (`packages_id`) ON DELETE NO ACTION ON UPDATE NO ACTION
) ENGINE=InnoDB AUTO_INCREMENT=101 DEFAULT CHARSET=utf8;
/*!40101 SET character_set_client = @saved_cs_client */;

--
-- Dumping data for table `computations`
--

LOCK TABLES `computations` WRITE;
/*!40000 ALTER TABLE `computations` DISABLE KEYS */;
INSERT INTO `computations` VALUES (1,1,1,1,'11500.00','0.00','0.00','0.00','2012-07-15',0),(2,1,1,3,'0.00','137.50','0.00','137.50','2012-07-15',0),(3,1,1,4,'0.00','383.30','0.00','812.70','2012-07-15',0),(4,1,1,5,'0.00','100.00','0.00','100.00','2012-07-15',0),(5,1,1,6,'0.00','2221.99','0.00','0.00','2012-07-15',0),(6,1,2,1,'13500.00','0.00','0.00','0.00','2012-07-15',0),(7,1,2,3,'0.00','162.50','0.00','162.50','2012-07-15',0),(8,1,2,4,'0.00','450.00','0.00','954.00','2012-07-15',0),(9,1,2,5,'0.00','100.00','0.00','100.00','2012-07-15',0),(10,1,2,6,'0.00','2794.48','0.00','0.00','2012-07-15',0),(11,1,3,1,'10000.00','0.00','0.00','0.00','2012-07-15',0),(12,1,3,3,'0.00','125.00','0.00','125.00','2012-07-15',0),(13,1,3,4,'0.00','333.30','0.00','706.70','2012-07-15',0),(14,1,3,5,'0.00','100.00','0.00','100.00','2012-07-15',0),(15,1,3,6,'0.00','1839.68','0.00','0.00','2012-07-15',0),(16,1,4,1,'12000.00','0.00','0.00','0.00','2012-07-15',0),(17,1,4,3,'0.00','150.00','0.00','150.00','2012-07-15',0),(18,1,4,4,'0.00','400.00','0.00','848.00','2012-07-15',0),(19,1,4,5,'0.00','100.00','0.00','100.00','2012-07-15',0),(20,1,4,6,'0.00','2363.23','0.00','0.00','2012-07-15',0),(21,1,5,1,'10000.00','0.00','0.00','0.00','2012-07-15',0),(22,1,5,3,'0.00','125.00','0.00','125.00','2012-07-15',0),(23,1,5,4,'0.00','333.30','0.00','706.70','2012-07-15',0),(24,1,5,5,'0.00','100.00','0.00','100.00','2012-07-15',0),(25,1,5,6,'0.00','1839.68','0.00','0.00','2012-07-15',0),(26,1,6,1,'12000.00','0.00','0.00','0.00','2012-07-15',0),(27,1,6,3,'0.00','150.00','0.00','150.00','2012-07-15',0),(28,1,6,4,'0.00','400.00','0.00','848.00','2012-07-15',0),(29,1,6,5,'0.00','100.00','0.00','100.00','2012-07-15',0),(30,1,6,6,'0.00','2363.23','0.00','0.00','2012-07-15',0),(31,1,7,1,'17000.00','0.00','0.00','0.00','2012-07-15',0),(32,1,7,3,'0.00','212.50','0.00','212.50','2012-07-15',0),(33,1,7,4,'0.00','500.00','0.00','1060.00','2012-07-15',0),(34,1,7,5,'0.00','100.00','0.00','100.00','2012-07-15',0),(35,1,7,6,'0.00','3814.48','0.00','0.00','2012-07-15',0),(36,1,8,1,'10000.00','0.00','0.00','0.00','2012-07-15',0),(37,1,8,3,'0.00','125.00','0.00','125.00','2012-07-15',0),(38,1,8,4,'0.00','333.30','0.00','706.70','2012-07-15',0),(39,1,8,5,'0.00','100.00','0.00','100.00','2012-07-15',0),(40,1,8,6,'0.00','1839.68','0.00','0.00','2012-07-15',0),(41,1,9,1,'19500.00','0.00','0.00','0.00','2012-07-15',0),(42,1,9,3,'0.00','237.50','0.00','237.50','2012-07-15',0),(43,1,9,4,'0.00','500.00','0.00','1060.00','2012-07-15',0),(44,1,9,5,'0.00','100.00','0.00','100.00','2012-07-15',0),(45,1,9,6,'0.00','4556.98','0.00','0.00','2012-07-15',0),(46,1,10,1,'19500.00','0.00','0.00','0.00','2012-07-15',0),(47,1,10,3,'0.00','237.50','0.00','237.50','2012-07-15',0),(48,1,10,4,'0.00','500.00','0.00','1060.00','2012-07-15',0),(49,1,10,5,'0.00','100.00','0.00','100.00','2012-07-15',0),(50,1,10,6,'0.00','4556.98','0.00','0.00','2012-07-15',0),(51,2,1,1,'11500.00','0.00','0.00','0.00','2012-07-31',0),(52,2,1,3,'0.00','137.50','0.00','137.50','2012-07-31',0),(53,2,1,4,'0.00','116.70','0.00','247.30','2012-07-31',0),(54,2,1,5,'0.00','0.00','0.00','0.00','2012-07-31',0),(55,2,1,6,'0.00','2331.97','0.00','0.00','2012-07-31',0),(56,2,2,1,'13500.00','0.00','0.00','0.00','2012-07-31',0),(57,2,2,3,'0.00','162.50','0.00','162.50','2012-07-31',0),(58,2,2,4,'0.00','50.00','0.00','106.00','2012-07-31',0),(59,2,2,5,'0.00','0.00','0.00','0.00','2012-07-31',0),(60,2,2,6,'0.00','2944.48','0.00','0.00','2012-07-31',0),(61,2,3,1,'10000.00','0.00','0.00','0.00','2012-07-31',0),(62,2,3,3,'0.00','125.00','0.00','125.00','2012-07-31',0),(63,2,3,4,'0.00','166.70','0.00','353.30','2012-07-31',0),(64,2,3,5,'0.00','0.00','0.00','0.00','2012-07-31',0),(65,2,3,6,'0.00','1906.33','0.00','0.00','2012-07-31',0),(66,2,4,1,'12000.00','0.00','0.00','0.00','2012-07-31',0),(67,2,4,3,'0.00','150.00','0.00','150.00','2012-07-31',0),(68,2,4,4,'0.00','100.00','0.00','212.00','2012-07-31',0),(69,2,4,5,'0.00','0.00','0.00','0.00','2012-07-31',0),(70,2,4,6,'0.00','2483.23','0.00','0.00','2012-07-31',0),(71,2,5,1,'10000.00','0.00','0.00','0.00','2012-07-31',0),(72,2,5,3,'0.00','125.00','0.00','125.00','2012-07-31',0),(73,2,5,4,'0.00','166.70','0.00','353.30','2012-07-31',0),(74,2,5,5,'0.00','0.00','0.00','0.00','2012-07-31',0),(75,2,5,6,'0.00','1906.33','0.00','0.00','2012-07-31',0),(76,2,6,1,'12000.00','0.00','0.00','0.00','2012-07-31',0),(77,2,6,3,'0.00','150.00','0.00','150.00','2012-07-31',0),(78,2,6,4,'0.00','100.00','0.00','212.00','2012-07-31',0),(79,2,6,5,'0.00','0.00','0.00','0.00','2012-07-31',0),(80,2,6,6,'0.00','2483.23','0.00','0.00','2012-07-31',0),(81,2,7,1,'17000.00','0.00','0.00','0.00','2012-07-31',0),(82,2,7,3,'0.00','162.50','0.00','212.50','2012-07-31',0),(83,2,7,4,'0.00','0.00','0.00','0.00','2012-07-31',0),(84,2,7,5,'0.00','0.00','0.00','0.00','2012-07-31',0),(85,2,7,6,'0.00','4009.48','0.00','0.00','2012-07-31',0),(86,2,8,1,'10000.00','0.00','0.00','0.00','2012-07-31',0),(87,2,8,3,'0.00','125.00','0.00','125.00','2012-07-31',0),(88,2,8,4,'0.00','166.70','0.00','353.30','2012-07-31',0),(89,2,8,5,'0.00','0.00','0.00','0.00','2012-07-31',0),(90,2,8,6,'0.00','1906.33','0.00','0.00','2012-07-31',0),(91,2,9,1,'19500.00','0.00','0.00','0.00','2012-07-31',0),(92,2,9,3,'0.00','137.50','0.00','237.50','2012-07-31',0),(93,2,9,4,'0.00','0.00','0.00','0.00','2012-07-31',0),(94,2,9,5,'0.00','0.00','0.00','0.00','2012-07-31',0),(95,2,9,6,'0.00','4766.98','0.00','0.00','2012-07-31',0),(96,2,10,1,'19500.00','0.00','0.00','0.00','2012-07-31',0),(97,2,10,3,'0.00','137.50','0.00','237.50','2012-07-31',0),(98,2,10,4,'0.00','0.00','0.00','0.00','2012-07-31',0),(99,2,10,5,'0.00','0.00','0.00','0.00','2012-07-31',0),(100,2,10,6,'0.00','4766.98','0.00','0.00','2012-07-31',0);
/*!40000 ALTER TABLE `computations` ENABLE KEYS */;
UNLOCK TABLES;

--
-- Table structure for table `dtrimports`
--

DROP TABLE IF EXISTS `dtrimports`;
/*!40101 SET @saved_cs_client     = @@character_set_client */;
/*!40101 SET character_set_client = utf8 */;
CREATE TABLE `dtrimports` (
  `dtrimports_id` bigint(20) NOT NULL AUTO_INCREMENT,
  `device_id` varchar(250) DEFAULT NULL,
  `ts` timestamp NULL DEFAULT NULL,
  `type` tinyint(4) DEFAULT NULL,
  `status` tinyint(4) DEFAULT '0',
  PRIMARY KEY (`dtrimports_id`),
  KEY `ts` (`ts`),
  KEY `type` (`type`),
  KEY `status` (`status`)
) ENGINE=MyISAM DEFAULT CHARSET=utf8;
/*!40101 SET character_set_client = @saved_cs_client */;

--
-- Dumping data for table `dtrimports`
--

LOCK TABLES `dtrimports` WRITE;
/*!40000 ALTER TABLE `dtrimports` DISABLE KEYS */;
/*!40000 ALTER TABLE `dtrimports` ENABLE KEYS */;
UNLOCK TABLES;

--
-- Table structure for table `dtrs`
--

DROP TABLE IF EXISTS `dtrs`;
/*!40101 SET @saved_cs_client     = @@character_set_client */;
/*!40101 SET character_set_client = utf8 */;
CREATE TABLE `dtrs` (
  `dtrs_id` bigint(20) NOT NULL AUTO_INCREMENT,
  `users_id` int(11) DEFAULT NULL,
  `dtrtypes_id` int(11) DEFAULT NULL,
  `checkin` timestamp NULL DEFAULT NULL,
  `checkout` timestamp NULL DEFAULT NULL,
  `breaks` time DEFAULT NULL,
  `remarks` text,
  `status` tinyint(4) DEFAULT NULL,
  PRIMARY KEY (`dtrs_id`),
  KEY `dtrs_users` (`users_id`),
  KEY `dtrs_dtrtypes` (`dtrtypes_id`),
  KEY `status` (`status`),
  CONSTRAINT `dtrs_users` FOREIGN KEY (`users_id`) REFERENCES `users` (`users_id`) ON DELETE NO ACTION ON UPDATE NO ACTION,
  CONSTRAINT `dtrs_dtrtypes` FOREIGN KEY (`dtrtypes_id`) REFERENCES `dtrtypes` (`dtrtypes_id`) ON DELETE NO ACTION ON UPDATE NO ACTION
) ENGINE=InnoDB AUTO_INCREMENT=221 DEFAULT CHARSET=utf8;
/*!40101 SET character_set_client = @saved_cs_client */;

--
-- Dumping data for table `dtrs`
--

LOCK TABLES `dtrs` WRITE;
/*!40000 ALTER TABLE `dtrs` DISABLE KEYS */;
INSERT INTO `dtrs` VALUES (1,1,1,'2012-07-02 00:00:00','2012-07-02 09:00:00',NULL,NULL,1),(2,1,1,'2012-07-03 00:00:00','2012-07-03 09:00:00',NULL,NULL,1),(3,1,1,'2012-07-04 00:00:00','2012-07-04 09:00:00',NULL,NULL,1),(4,1,1,'2012-07-05 00:00:00','2012-07-05 09:00:00',NULL,NULL,1),(5,1,1,'2012-07-06 00:00:00','2012-07-06 09:00:00',NULL,NULL,1),(6,1,1,'2012-07-09 00:00:00','2012-07-09 09:00:00',NULL,NULL,1),(7,1,1,'2012-07-10 00:00:00','2012-07-10 09:00:00',NULL,NULL,1),(8,1,1,'2012-07-11 00:00:00','2012-07-11 09:00:00',NULL,NULL,1),(9,1,1,'2012-07-12 00:00:00','2012-07-12 09:00:00',NULL,NULL,1),(10,1,1,'2012-07-13 00:00:00','2012-07-13 09:00:00',NULL,NULL,1),(11,1,1,'2012-07-16 00:00:00','2012-07-16 09:00:00',NULL,NULL,1),(12,1,1,'2012-07-17 00:00:00','2012-07-17 09:00:00',NULL,NULL,1),(13,1,1,'2012-07-18 00:00:00','2012-07-18 09:00:00',NULL,NULL,1),(14,1,1,'2012-07-19 00:00:00','2012-07-19 09:00:00',NULL,NULL,1),(15,1,1,'2012-07-20 00:00:00','2012-07-20 09:00:00',NULL,NULL,1),(16,1,1,'2012-07-23 00:00:00','2012-07-23 09:00:00',NULL,NULL,1),(17,1,1,'2012-07-24 00:00:00','2012-07-24 09:00:00',NULL,NULL,1),(18,1,1,'2012-07-25 00:00:00','2012-07-25 09:00:00',NULL,NULL,1),(19,1,1,'2012-07-26 00:00:00','2012-07-26 09:00:00',NULL,NULL,1),(20,1,1,'2012-07-27 00:00:00','2012-07-27 09:00:00',NULL,NULL,1),(21,1,1,'2012-07-30 00:00:00','2012-07-30 09:00:00',NULL,NULL,1),(22,1,1,'2012-07-31 00:00:00','2012-07-31 09:00:00',NULL,NULL,1),(23,2,1,'2012-07-02 00:00:00','2012-07-02 09:00:00',NULL,NULL,1),(24,2,1,'2012-07-03 00:00:00','2012-07-03 09:00:00',NULL,NULL,1),(25,2,1,'2012-07-04 00:00:00','2012-07-04 09:00:00',NULL,NULL,1),(26,2,1,'2012-07-05 00:00:00','2012-07-05 09:00:00',NULL,NULL,1),(27,2,1,'2012-07-06 00:00:00','2012-07-06 09:00:00',NULL,NULL,1),(28,2,1,'2012-07-09 00:00:00','2012-07-09 09:00:00',NULL,NULL,1),(29,2,1,'2012-07-10 00:00:00','2012-07-10 09:00:00',NULL,NULL,1),(30,2,1,'2012-07-11 00:00:00','2012-07-11 09:00:00',NULL,NULL,1),(31,2,1,'2012-07-12 00:00:00','2012-07-12 09:00:00',NULL,NULL,1),(32,2,1,'2012-07-13 00:00:00','2012-07-13 09:00:00',NULL,NULL,1),(33,2,1,'2012-07-16 00:00:00','2012-07-16 09:00:00',NULL,NULL,1),(34,2,1,'2012-07-17 00:00:00','2012-07-17 09:00:00',NULL,NULL,1),(35,2,1,'2012-07-18 00:00:00','2012-07-18 09:00:00',NULL,NULL,1),(36,2,1,'2012-07-19 00:00:00','2012-07-19 09:00:00',NULL,NULL,1),(37,2,1,'2012-07-20 00:00:00','2012-07-20 09:00:00',NULL,NULL,1),(38,2,1,'2012-07-23 00:00:00','2012-07-23 09:00:00',NULL,NULL,1),(39,2,1,'2012-07-24 00:00:00','2012-07-24 09:00:00',NULL,NULL,1),(40,2,1,'2012-07-25 00:00:00','2012-07-25 09:00:00',NULL,NULL,1),(41,2,1,'2012-07-26 00:00:00','2012-07-26 09:00:00',NULL,NULL,1),(42,2,1,'2012-07-27 00:00:00','2012-07-27 09:00:00',NULL,NULL,1),(43,2,1,'2012-07-30 00:00:00','2012-07-30 09:00:00',NULL,NULL,1),(44,2,1,'2012-07-31 00:00:00','2012-07-31 09:00:00',NULL,NULL,1),(45,3,1,'2012-07-02 00:00:00','2012-07-02 09:00:00',NULL,NULL,1),(46,3,1,'2012-07-03 00:00:00','2012-07-03 09:00:00',NULL,NULL,1),(47,3,1,'2012-07-04 00:00:00','2012-07-04 09:00:00',NULL,NULL,1),(48,3,1,'2012-07-05 00:00:00','2012-07-05 09:00:00',NULL,NULL,1),(49,3,1,'2012-07-06 00:00:00','2012-07-06 09:00:00',NULL,NULL,1),(50,3,1,'2012-07-09 00:00:00','2012-07-09 09:00:00',NULL,NULL,1),(51,3,1,'2012-07-10 00:00:00','2012-07-10 09:00:00',NULL,NULL,1),(52,3,1,'2012-07-11 00:00:00','2012-07-11 09:00:00',NULL,NULL,1),(53,3,1,'2012-07-12 00:00:00','2012-07-12 09:00:00',NULL,NULL,1),(54,3,1,'2012-07-13 00:00:00','2012-07-13 09:00:00',NULL,NULL,1),(55,3,1,'2012-07-16 00:00:00','2012-07-16 09:00:00',NULL,NULL,1),(56,3,1,'2012-07-17 00:00:00','2012-07-17 09:00:00',NULL,NULL,1),(57,3,1,'2012-07-18 00:00:00','2012-07-18 09:00:00',NULL,NULL,1),(58,3,1,'2012-07-19 00:00:00','2012-07-19 09:00:00',NULL,NULL,1),(59,3,1,'2012-07-20 00:00:00','2012-07-20 09:00:00',NULL,NULL,1),(60,3,1,'2012-07-23 00:00:00','2012-07-23 09:00:00',NULL,NULL,1),(61,3,1,'2012-07-24 00:00:00','2012-07-24 09:00:00',NULL,NULL,1),(62,3,1,'2012-07-25 00:00:00','2012-07-25 09:00:00',NULL,NULL,1),(63,3,1,'2012-07-26 00:00:00','2012-07-26 09:00:00',NULL,NULL,1),(64,3,1,'2012-07-27 00:00:00','2012-07-27 09:00:00',NULL,NULL,1),(65,3,1,'2012-07-30 00:00:00','2012-07-30 09:00:00',NULL,NULL,1),(66,3,1,'2012-07-31 00:00:00','2012-07-31 09:00:00',NULL,NULL,1),(67,4,1,'2012-07-02 00:00:00','2012-07-02 09:00:00',NULL,NULL,1),(68,4,1,'2012-07-03 00:00:00','2012-07-03 09:00:00',NULL,NULL,1),(69,4,1,'2012-07-04 00:00:00','2012-07-04 09:00:00',NULL,NULL,1),(70,4,1,'2012-07-05 00:00:00','2012-07-05 09:00:00',NULL,NULL,1),(71,4,1,'2012-07-06 00:00:00','2012-07-06 09:00:00',NULL,NULL,1),(72,4,1,'2012-07-09 00:00:00','2012-07-09 09:00:00',NULL,NULL,1),(73,4,1,'2012-07-10 00:00:00','2012-07-10 09:00:00',NULL,NULL,1),(74,4,1,'2012-07-11 00:00:00','2012-07-11 09:00:00',NULL,NULL,1),(75,4,1,'2012-07-12 00:00:00','2012-07-12 09:00:00',NULL,NULL,1),(76,4,1,'2012-07-13 00:00:00','2012-07-13 09:00:00',NULL,NULL,1),(77,4,1,'2012-07-16 00:00:00','2012-07-16 09:00:00',NULL,NULL,1),(78,4,1,'2012-07-17 00:00:00','2012-07-17 09:00:00',NULL,NULL,1),(79,4,1,'2012-07-18 00:00:00','2012-07-18 09:00:00',NULL,NULL,1),(80,4,1,'2012-07-19 00:00:00','2012-07-19 09:00:00',NULL,NULL,1),(81,4,1,'2012-07-20 00:00:00','2012-07-20 09:00:00',NULL,NULL,1),(82,4,1,'2012-07-23 00:00:00','2012-07-23 09:00:00',NULL,NULL,1),(83,4,1,'2012-07-24 00:00:00','2012-07-24 09:00:00',NULL,NULL,1),(84,4,1,'2012-07-25 00:00:00','2012-07-25 09:00:00',NULL,NULL,1),(85,4,1,'2012-07-26 00:00:00','2012-07-26 09:00:00',NULL,NULL,1),(86,4,1,'2012-07-27 00:00:00','2012-07-27 09:00:00',NULL,NULL,1),(87,4,1,'2012-07-30 00:00:00','2012-07-30 09:00:00',NULL,NULL,1),(88,4,1,'2012-07-31 00:00:00','2012-07-31 09:00:00',NULL,NULL,1),(89,5,1,'2012-07-02 00:00:00','2012-07-02 09:00:00',NULL,NULL,1),(90,5,1,'2012-07-03 00:00:00','2012-07-03 09:00:00',NULL,NULL,1),(91,5,1,'2012-07-04 00:00:00','2012-07-04 09:00:00',NULL,NULL,1),(92,5,1,'2012-07-05 00:00:00','2012-07-05 09:00:00',NULL,NULL,1),(93,5,1,'2012-07-06 00:00:00','2012-07-06 09:00:00',NULL,NULL,1),(94,5,1,'2012-07-09 00:00:00','2012-07-09 09:00:00',NULL,NULL,1),(95,5,1,'2012-07-10 00:00:00','2012-07-10 09:00:00',NULL,NULL,1),(96,5,1,'2012-07-11 00:00:00','2012-07-11 09:00:00',NULL,NULL,1),(97,5,1,'2012-07-12 00:00:00','2012-07-12 09:00:00',NULL,NULL,1),(98,5,1,'2012-07-13 00:00:00','2012-07-13 09:00:00',NULL,NULL,1),(99,5,1,'2012-07-16 00:00:00','2012-07-16 09:00:00',NULL,NULL,1),(100,5,1,'2012-07-17 00:00:00','2012-07-17 09:00:00',NULL,NULL,1),(101,5,1,'2012-07-18 00:00:00','2012-07-18 09:00:00',NULL,NULL,1),(102,5,1,'2012-07-19 00:00:00','2012-07-19 09:00:00',NULL,NULL,1),(103,5,1,'2012-07-20 00:00:00','2012-07-20 09:00:00',NULL,NULL,1),(104,5,1,'2012-07-23 00:00:00','2012-07-23 09:00:00',NULL,NULL,1),(105,5,1,'2012-07-24 00:00:00','2012-07-24 09:00:00',NULL,NULL,1),(106,5,1,'2012-07-25 00:00:00','2012-07-25 09:00:00',NULL,NULL,1),(107,5,1,'2012-07-26 00:00:00','2012-07-26 09:00:00',NULL,NULL,1),(108,5,1,'2012-07-27 00:00:00','2012-07-27 09:00:00',NULL,NULL,1),(109,5,1,'2012-07-30 00:00:00','2012-07-30 09:00:00',NULL,NULL,1),(110,5,1,'2012-07-31 00:00:00','2012-07-31 09:00:00',NULL,NULL,1),(111,6,1,'2012-07-02 00:00:00','2012-07-02 09:00:00',NULL,NULL,1),(112,6,1,'2012-07-03 00:00:00','2012-07-03 09:00:00',NULL,NULL,1),(113,6,1,'2012-07-04 00:00:00','2012-07-04 09:00:00',NULL,NULL,1),(114,6,1,'2012-07-05 00:00:00','2012-07-05 09:00:00',NULL,NULL,1),(115,6,1,'2012-07-06 00:00:00','2012-07-06 09:00:00',NULL,NULL,1),(116,6,1,'2012-07-09 00:00:00','2012-07-09 09:00:00',NULL,NULL,1),(117,6,1,'2012-07-10 00:00:00','2012-07-10 09:00:00',NULL,NULL,1),(118,6,1,'2012-07-11 00:00:00','2012-07-11 09:00:00',NULL,NULL,1),(119,6,1,'2012-07-12 00:00:00','2012-07-12 09:00:00',NULL,NULL,1),(120,6,1,'2012-07-13 00:00:00','2012-07-13 09:00:00',NULL,NULL,1),(121,6,1,'2012-07-16 00:00:00','2012-07-16 09:00:00',NULL,NULL,1),(122,6,1,'2012-07-17 00:00:00','2012-07-17 09:00:00',NULL,NULL,1),(123,6,1,'2012-07-18 00:00:00','2012-07-18 09:00:00',NULL,NULL,1),(124,6,1,'2012-07-19 00:00:00','2012-07-19 09:00:00',NULL,NULL,1),(125,6,1,'2012-07-20 00:00:00','2012-07-20 09:00:00',NULL,NULL,1),(126,6,1,'2012-07-23 00:00:00','2012-07-23 09:00:00',NULL,NULL,1),(127,6,1,'2012-07-24 00:00:00','2012-07-24 09:00:00',NULL,NULL,1),(128,6,1,'2012-07-25 00:00:00','2012-07-25 09:00:00',NULL,NULL,1),(129,6,1,'2012-07-26 00:00:00','2012-07-26 09:00:00',NULL,NULL,1),(130,6,1,'2012-07-27 00:00:00','2012-07-27 09:00:00',NULL,NULL,1),(131,6,1,'2012-07-30 00:00:00','2012-07-30 09:00:00',NULL,NULL,1),(132,6,1,'2012-07-31 00:00:00','2012-07-31 09:00:00',NULL,NULL,1),(133,7,1,'2012-07-02 00:00:00','2012-07-02 09:00:00',NULL,NULL,1),(134,7,1,'2012-07-03 00:00:00','2012-07-03 09:00:00',NULL,NULL,1),(135,7,1,'2012-07-04 00:00:00','2012-07-04 09:00:00',NULL,NULL,1),(136,7,1,'2012-07-05 00:00:00','2012-07-05 09:00:00',NULL,NULL,1),(137,7,1,'2012-07-06 00:00:00','2012-07-06 09:00:00',NULL,NULL,1),(138,7,1,'2012-07-09 00:00:00','2012-07-09 09:00:00',NULL,NULL,1),(139,7,1,'2012-07-10 00:00:00','2012-07-10 09:00:00',NULL,NULL,1),(140,7,1,'2012-07-11 00:00:00','2012-07-11 09:00:00',NULL,NULL,1),(141,7,1,'2012-07-12 00:00:00','2012-07-12 09:00:00',NULL,NULL,1),(142,7,1,'2012-07-13 00:00:00','2012-07-13 09:00:00',NULL,NULL,1),(143,7,1,'2012-07-16 00:00:00','2012-07-16 09:00:00',NULL,NULL,1),(144,7,1,'2012-07-17 00:00:00','2012-07-17 09:00:00',NULL,NULL,1),(145,7,1,'2012-07-18 00:00:00','2012-07-18 09:00:00',NULL,NULL,1),(146,7,1,'2012-07-19 00:00:00','2012-07-19 09:00:00',NULL,NULL,1),(147,7,1,'2012-07-20 00:00:00','2012-07-20 09:00:00',NULL,NULL,1),(148,7,1,'2012-07-23 00:00:00','2012-07-23 09:00:00',NULL,NULL,1),(149,7,1,'2012-07-24 00:00:00','2012-07-24 09:00:00',NULL,NULL,1),(150,7,1,'2012-07-25 00:00:00','2012-07-25 09:00:00',NULL,NULL,1),(151,7,1,'2012-07-26 00:00:00','2012-07-26 09:00:00',NULL,NULL,1),(152,7,1,'2012-07-27 00:00:00','2012-07-27 09:00:00',NULL,NULL,1),(153,7,1,'2012-07-30 00:00:00','2012-07-30 09:00:00',NULL,NULL,1),(154,7,1,'2012-07-31 00:00:00','2012-07-31 09:00:00',NULL,NULL,1),(155,8,1,'2012-07-02 00:00:00','2012-07-02 09:00:00',NULL,NULL,1),(156,8,1,'2012-07-03 00:00:00','2012-07-03 09:00:00',NULL,NULL,1),(157,8,1,'2012-07-04 00:00:00','2012-07-04 09:00:00',NULL,NULL,1),(158,8,1,'2012-07-05 00:00:00','2012-07-05 09:00:00',NULL,NULL,1),(159,8,1,'2012-07-06 00:00:00','2012-07-06 09:00:00',NULL,NULL,1),(160,8,1,'2012-07-09 00:00:00','2012-07-09 09:00:00',NULL,NULL,1),(161,8,1,'2012-07-10 00:00:00','2012-07-10 09:00:00',NULL,NULL,1),(162,8,1,'2012-07-11 00:00:00','2012-07-11 09:00:00',NULL,NULL,1),(163,8,1,'2012-07-12 00:00:00','2012-07-12 09:00:00',NULL,NULL,1),(164,8,1,'2012-07-13 00:00:00','2012-07-13 09:00:00',NULL,NULL,1),(165,8,1,'2012-07-16 00:00:00','2012-07-16 09:00:00',NULL,NULL,1),(166,8,1,'2012-07-17 00:00:00','2012-07-17 09:00:00',NULL,NULL,1),(167,8,1,'2012-07-18 00:00:00','2012-07-18 09:00:00',NULL,NULL,1),(168,8,1,'2012-07-19 00:00:00','2012-07-19 09:00:00',NULL,NULL,1),(169,8,1,'2012-07-20 00:00:00','2012-07-20 09:00:00',NULL,NULL,1),(170,8,1,'2012-07-23 00:00:00','2012-07-23 09:00:00',NULL,NULL,1),(171,8,1,'2012-07-24 00:00:00','2012-07-24 09:00:00',NULL,NULL,1),(172,8,1,'2012-07-25 00:00:00','2012-07-25 09:00:00',NULL,NULL,1),(173,8,1,'2012-07-26 00:00:00','2012-07-26 09:00:00',NULL,NULL,1),(174,8,1,'2012-07-27 00:00:00','2012-07-27 09:00:00',NULL,NULL,1),(175,8,1,'2012-07-30 00:00:00','2012-07-30 09:00:00',NULL,NULL,1),(176,8,1,'2012-07-31 00:00:00','2012-07-31 09:00:00',NULL,NULL,1),(177,9,1,'2012-07-02 00:00:00','2012-07-02 09:00:00',NULL,NULL,1),(178,9,1,'2012-07-03 00:00:00','2012-07-03 09:00:00',NULL,NULL,1),(179,9,1,'2012-07-04 00:00:00','2012-07-04 09:00:00',NULL,NULL,1),(180,9,1,'2012-07-05 00:00:00','2012-07-05 09:00:00',NULL,NULL,1),(181,9,1,'2012-07-06 00:00:00','2012-07-06 09:00:00',NULL,NULL,1),(182,9,1,'2012-07-09 00:00:00','2012-07-09 09:00:00',NULL,NULL,1),(183,9,1,'2012-07-10 00:00:00','2012-07-10 09:00:00',NULL,NULL,1),(184,9,1,'2012-07-11 00:00:00','2012-07-11 09:00:00',NULL,NULL,1),(185,9,1,'2012-07-12 00:00:00','2012-07-12 09:00:00',NULL,NULL,1),(186,9,1,'2012-07-13 00:00:00','2012-07-13 09:00:00',NULL,NULL,1),(187,9,1,'2012-07-16 00:00:00','2012-07-16 09:00:00',NULL,NULL,1),(188,9,1,'2012-07-17 00:00:00','2012-07-17 09:00:00',NULL,NULL,1),(189,9,1,'2012-07-18 00:00:00','2012-07-18 09:00:00',NULL,NULL,1),(190,9,1,'2012-07-19 00:00:00','2012-07-19 09:00:00',NULL,NULL,1),(191,9,1,'2012-07-20 00:00:00','2012-07-20 09:00:00',NULL,NULL,1),(192,9,1,'2012-07-23 00:00:00','2012-07-23 09:00:00',NULL,NULL,1),(193,9,1,'2012-07-24 00:00:00','2012-07-24 09:00:00',NULL,NULL,1),(194,9,1,'2012-07-25 00:00:00','2012-07-25 09:00:00',NULL,NULL,1),(195,9,1,'2012-07-26 00:00:00','2012-07-26 09:00:00',NULL,NULL,1),(196,9,1,'2012-07-27 00:00:00','2012-07-27 09:00:00',NULL,NULL,1),(197,9,1,'2012-07-30 00:00:00','2012-07-30 09:00:00',NULL,NULL,1),(198,9,1,'2012-07-31 00:00:00','2012-07-31 09:00:00',NULL,NULL,1),(199,10,1,'2012-07-02 00:00:00','2012-07-02 09:00:00',NULL,NULL,1),(200,10,1,'2012-07-03 00:00:00','2012-07-03 09:00:00',NULL,NULL,1),(201,10,1,'2012-07-04 00:00:00','2012-07-04 09:00:00',NULL,NULL,1),(202,10,1,'2012-07-05 00:00:00','2012-07-05 09:00:00',NULL,NULL,1),(203,10,1,'2012-07-06 00:00:00','2012-07-06 09:00:00',NULL,NULL,1),(204,10,1,'2012-07-09 00:00:00','2012-07-09 09:00:00',NULL,NULL,1),(205,10,1,'2012-07-10 00:00:00','2012-07-10 09:00:00',NULL,NULL,1),(206,10,1,'2012-07-11 00:00:00','2012-07-11 09:00:00',NULL,NULL,1),(207,10,1,'2012-07-12 00:00:00','2012-07-12 09:00:00',NULL,NULL,1),(208,10,1,'2012-07-13 00:00:00','2012-07-13 09:00:00',NULL,NULL,1),(209,10,1,'2012-07-16 00:00:00','2012-07-16 09:00:00',NULL,NULL,1),(210,10,1,'2012-07-17 00:00:00','2012-07-17 09:00:00',NULL,NULL,1),(211,10,1,'2012-07-18 00:00:00','2012-07-18 09:00:00',NULL,NULL,1),(212,10,1,'2012-07-19 00:00:00','2012-07-19 09:00:00',NULL,NULL,1),(213,10,1,'2012-07-20 00:00:00','2012-07-20 09:00:00',NULL,NULL,1),(214,10,1,'2012-07-23 00:00:00','2012-07-23 09:00:00',NULL,NULL,1),(215,10,1,'2012-07-24 00:00:00','2012-07-24 09:00:00',NULL,NULL,1),(216,10,1,'2012-07-25 00:00:00','2012-07-25 09:00:00',NULL,NULL,1),(217,10,1,'2012-07-26 00:00:00','2012-07-26 09:00:00',NULL,NULL,1),(218,10,1,'2012-07-27 00:00:00','2012-07-27 09:00:00',NULL,NULL,1),(219,10,1,'2012-07-30 00:00:00','2012-07-30 09:00:00',NULL,NULL,1),(220,10,1,'2012-07-31 00:00:00','2012-07-31 09:00:00',NULL,NULL,1);
/*!40000 ALTER TABLE `dtrs` ENABLE KEYS */;
UNLOCK TABLES;

--
-- Table structure for table `dtrtypes`
--

DROP TABLE IF EXISTS `dtrtypes`;
/*!40101 SET @saved_cs_client     = @@character_set_client */;
/*!40101 SET character_set_client = utf8 */;
CREATE TABLE `dtrtypes` (
  `dtrtypes_id` int(11) NOT NULL AUTO_INCREMENT,
  `name` varchar(250) DEFAULT NULL,
  `description` varchar(250) DEFAULT NULL,
  `isleave` tinyint(4) NOT NULL,
  `isholiday` tinyint(4) NOT NULL,
  PRIMARY KEY (`dtrtypes_id`),
  KEY `isleave` (`isleave`,`isholiday`)
) ENGINE=InnoDB AUTO_INCREMENT=10 DEFAULT CHARSET=utf8;
/*!40101 SET character_set_client = @saved_cs_client */;

--
-- Dumping data for table `dtrtypes`
--

LOCK TABLES `dtrtypes` WRITE;
/*!40000 ALTER TABLE `dtrtypes` DISABLE KEYS */;
INSERT INTO `dtrtypes` VALUES (1,'Work','Work',0,0),(2,'Sick Leave','Sick Leave',1,0),(3,'Vacation Leave','Vacation Leave',1,0),(4,'Emergency Leave','Emergency Leave',1,0),(5,'Legal Holiday','Legal Holiday',0,1),(6,'Special Holiday','Special Holiday',0,1),(7,'Overtime (25%)','Overtime (25%)',0,0),(8,'Overtime (30%)','Overtime (30%)',0,0),(9,'Rest Day','Rest Day',0,0);
/*!40000 ALTER TABLE `dtrtypes` ENABLE KEYS */;
UNLOCK TABLES;

--
-- Table structure for table `holidays`
--

DROP TABLE IF EXISTS `holidays`;
/*!40101 SET @saved_cs_client     = @@character_set_client */;
/*!40101 SET character_set_client = utf8 */;
CREATE TABLE `holidays` (
  `holidays_id` int(11) NOT NULL AUTO_INCREMENT,
  `name` varchar(250) DEFAULT NULL,
  `date` date DEFAULT NULL,
  `type` varchar(250) DEFAULT NULL,
  PRIMARY KEY (`holidays_id`),
  KEY `types` (`type`)
) ENGINE=InnoDB DEFAULT CHARSET=utf8;
/*!40101 SET character_set_client = @saved_cs_client */;

--
-- Dumping data for table `holidays`
--

LOCK TABLES `holidays` WRITE;
/*!40000 ALTER TABLE `holidays` DISABLE KEYS */;
/*!40000 ALTER TABLE `holidays` ENABLE KEYS */;
UNLOCK TABLES;

--
-- Temporary table structure for view `hr`
--

DROP TABLE IF EXISTS `hr`;
/*!50001 DROP VIEW IF EXISTS `hr`*/;
SET @saved_cs_client     = @@character_set_client;
SET character_set_client = utf8;
/*!50001 CREATE TABLE `hr` (
  `hr_id` int(11),
  `first_name` varchar(64),
  `last_name` varchar(64),
  `middle_name` varchar(64),
  `prefix` varchar(16),
  `suffix` varchar(16),
  `jobtitle` varchar(45),
  `group_name` varchar(32)
) ENGINE=MyISAM */;
SET character_set_client = @saved_cs_client;

--
-- Table structure for table `leaves`
--

DROP TABLE IF EXISTS `leaves`;
/*!40101 SET @saved_cs_client     = @@character_set_client */;
/*!40101 SET character_set_client = utf8 */;
CREATE TABLE `leaves` (
  `leaves_id` int(11) NOT NULL AUTO_INCREMENT,
  `users_id` int(11) DEFAULT NULL,
  `leavetypes_id` int(11) DEFAULT NULL,
  `date_filed` timestamp NULL DEFAULT CURRENT_TIMESTAMP,
  `from` timestamp NULL DEFAULT NULL,
  `to` timestamp NULL DEFAULT NULL,
  `value` float DEFAULT NULL,
  `status` tinyint(4) DEFAULT NULL,
  `approver` int(11) DEFAULT NULL,
  `cc_email` varchar(100) CHARACTER SET utf8 COLLATE utf8_bin DEFAULT NULL,
  `approved` timestamp NULL DEFAULT NULL,
  PRIMARY KEY (`leaves_id`),
  KEY `leaves_users` (`users_id`),
  KEY `leaves_leavetypes` (`leavetypes_id`),
  KEY `leaves_approver` (`approver`),
  CONSTRAINT `leaves_approver` FOREIGN KEY (`approver`) REFERENCES `users` (`users_id`) ON DELETE NO ACTION ON UPDATE NO ACTION,
  CONSTRAINT `leaves_leavetypes` FOREIGN KEY (`leavetypes_id`) REFERENCES `leavetypes` (`leavetypes_id`) ON DELETE NO ACTION ON UPDATE NO ACTION,
  CONSTRAINT `leaves_users` FOREIGN KEY (`users_id`) REFERENCES `users` (`users_id`) ON DELETE NO ACTION ON UPDATE NO ACTION
) ENGINE=InnoDB AUTO_INCREMENT=18 DEFAULT CHARSET=utf8;
/*!40101 SET character_set_client = @saved_cs_client */;

--
-- Dumping data for table `leaves`
--

LOCK TABLES `leaves` WRITE;
/*!40000 ALTER TABLE `leaves` DISABLE KEYS */;
INSERT INTO `leaves` VALUES (3,2,2,'0000-00-00 00:00:00','2012-07-31 16:03:00','2012-08-01 16:03:00',NULL,1,NULL,NULL,'2012-08-03 10:03:00'),(4,2,1,'2012-08-03 10:03:00','2012-07-31 16:03:00','2012-08-01 16:03:00',NULL,1,NULL,NULL,'2012-08-03 10:03:00'),(5,2,3,'2012-08-03 10:03:00','2012-08-03 00:03:00','2012-08-03 04:03:00',NULL,1,NULL,NULL,'2012-08-03 10:03:00'),(6,2,1,'2012-08-03 10:03:00','2012-08-03 05:03:00','2012-08-03 10:03:00',NULL,1,NULL,NULL,'2012-08-03 10:03:00'),(7,2,2,'2012-08-03 10:03:00','2012-08-07 16:03:00','2012-08-08 16:03:00',NULL,1,NULL,NULL,'2012-08-03 10:03:00'),(8,2,3,'2012-08-03 10:03:00','2012-08-01 16:03:00','2012-08-01 16:03:00',NULL,1,NULL,NULL,'2012-08-03 10:03:00'),(9,2,1,'2012-08-03 10:03:00','2012-07-30 16:03:00','2012-07-31 15:03:00',NULL,1,NULL,NULL,'2012-08-03 10:03:00'),(10,2,2,'2012-08-03 10:03:00','2012-08-27 16:03:00','2012-08-29 16:03:00',NULL,1,NULL,NULL,'2012-08-03 10:03:00'),(11,2,3,'2012-08-03 10:03:00','2012-07-29 16:03:00','2012-07-29 16:03:00',NULL,1,NULL,NULL,'2012-08-03 10:03:00'),(12,2,1,'2012-08-03 10:03:00','2012-07-25 16:03:00','2012-08-24 16:03:00',NULL,1,NULL,NULL,'2012-08-03 10:03:00'),(13,2,1,'2012-08-06 07:03:00','2012-08-13 16:03:00','2012-08-15 16:03:00',NULL,1,NULL,'','2012-08-06 07:03:00'),(14,2,1,'2012-08-06 07:03:00','2012-08-06 16:03:00','2012-08-07 16:03:00',NULL,1,NULL,'me%2540bjornbasar.com','2012-08-06 07:03:00'),(15,2,1,'2012-08-06 07:03:00','2012-07-23 16:03:00','2012-07-24 16:03:00',NULL,1,NULL,'mail%2540bjornbasar.com','2012-08-06 07:03:00'),(16,2,1,'2012-08-06 07:03:00','2012-07-03 16:03:00','2012-07-04 16:03:00',NULL,1,NULL,'mail%2540bjornbasar.com','2012-08-06 07:03:00'),(17,2,3,'2012-08-06 07:03:00','2012-07-04 16:03:00','2012-07-05 16:03:00',-0.125,1,NULL,'me%2540google.com','2012-08-06 07:03:00');
/*!40000 ALTER TABLE `leaves` ENABLE KEYS */;
UNLOCK TABLES;

--
-- Table structure for table `leavetypes`
--

DROP TABLE IF EXISTS `leavetypes`;
/*!40101 SET @saved_cs_client     = @@character_set_client */;
/*!40101 SET character_set_client = utf8 */;
CREATE TABLE `leavetypes` (
  `leavetypes_id` int(11) NOT NULL AUTO_INCREMENT,
  `name` varchar(250) DEFAULT NULL,
  `description` varchar(250) DEFAULT NULL,
  PRIMARY KEY (`leavetypes_id`)
) ENGINE=InnoDB AUTO_INCREMENT=4 DEFAULT CHARSET=utf8;
/*!40101 SET character_set_client = @saved_cs_client */;

--
-- Dumping data for table `leavetypes`
--

LOCK TABLES `leavetypes` WRITE;
/*!40000 ALTER TABLE `leavetypes` DISABLE KEYS */;
INSERT INTO `leavetypes` VALUES (1,'Sick Leave',NULL),(2,'Vacation Leave',NULL),(3,'Emergency Leave',NULL);
/*!40000 ALTER TABLE `leavetypes` ENABLE KEYS */;
UNLOCK TABLES;

--
-- Table structure for table `packages`
--

DROP TABLE IF EXISTS `packages`;
/*!40101 SET @saved_cs_client     = @@character_set_client */;
/*!40101 SET character_set_client = utf8 */;
CREATE TABLE `packages` (
  `packages_id` int(11) NOT NULL AUTO_INCREMENT,
  `name` varchar(250) DEFAULT NULL,
  `code` varchar(32) DEFAULT NULL,
  `created` timestamp NULL DEFAULT NULL,
  `updated` timestamp NULL DEFAULT NULL,
  `status` tinyint(4) DEFAULT NULL,
  PRIMARY KEY (`packages_id`),
  KEY `status` (`status`)
) ENGINE=InnoDB AUTO_INCREMENT=7 DEFAULT CHARSET=utf8;
/*!40101 SET character_set_client = @saved_cs_client */;

--
-- Dumping data for table `packages`
--

LOCK TABLES `packages` WRITE;
/*!40000 ALTER TABLE `packages` DISABLE KEYS */;
INSERT INTO `packages` VALUES (1,'Basic Pay','basicpay','2012-08-02 04:59:48','2012-08-02 04:59:48',1),(3,'PHIC','phic','2012-08-06 02:42:22','2012-08-06 02:42:22',1),(4,'SSS','sss','2012-08-06 02:42:22','2012-08-06 02:42:22',1),(5,'HDMF','hdmf','2012-08-06 02:42:37','2012-08-06 02:42:37',1),(6,'Withholding Tax PH','taxph','2012-08-08 05:13:56','2012-08-08 05:13:56',1);
/*!40000 ALTER TABLE `packages` ENABLE KEYS */;
UNLOCK TABLES;

--
-- Table structure for table `payfrequencies`
--

DROP TABLE IF EXISTS `payfrequencies`;
/*!40101 SET @saved_cs_client     = @@character_set_client */;
/*!40101 SET character_set_client = utf8 */;
CREATE TABLE `payfrequencies` (
  `payfrequencies_id` int(11) NOT NULL AUTO_INCREMENT,
  `name` varchar(250) DEFAULT NULL,
  `description` varchar(250) DEFAULT NULL,
  PRIMARY KEY (`payfrequencies_id`)
) ENGINE=InnoDB AUTO_INCREMENT=4 DEFAULT CHARSET=utf8;
/*!40101 SET character_set_client = @saved_cs_client */;

--
-- Dumping data for table `payfrequencies`
--

LOCK TABLES `payfrequencies` WRITE;
/*!40000 ALTER TABLE `payfrequencies` DISABLE KEYS */;
INSERT INTO `payfrequencies` VALUES (1,'Weekly',NULL),(2,'Bi-Monthly',NULL),(3,'Monthly',NULL);
/*!40000 ALTER TABLE `payfrequencies` ENABLE KEYS */;
UNLOCK TABLES;

--
-- Table structure for table `payrollrosters`
--

DROP TABLE IF EXISTS `payrollrosters`;
/*!40101 SET @saved_cs_client     = @@character_set_client */;
/*!40101 SET character_set_client = utf8 */;
CREATE TABLE `payrollrosters` (
  `payrollrosters_id` bigint(20) NOT NULL AUTO_INCREMENT,
  `users_id` int(11) DEFAULT NULL,
  `payrolls_id` int(11) DEFAULT NULL,
  `status` tinyint(4) DEFAULT NULL,
  PRIMARY KEY (`payrollrosters_id`),
  KEY `payrollrosters_users` (`users_id`),
  KEY `payrollrosters_payrolls` (`payrolls_id`),
  KEY `status` (`status`),
  CONSTRAINT `payrollrosters_users` FOREIGN KEY (`users_id`) REFERENCES `users` (`users_id`) ON DELETE NO ACTION ON UPDATE NO ACTION,
  CONSTRAINT `payrollrosters_payrolls` FOREIGN KEY (`payrolls_id`) REFERENCES `payrolls` (`payrolls_id`) ON DELETE NO ACTION ON UPDATE NO ACTION
) ENGINE=InnoDB AUTO_INCREMENT=31 DEFAULT CHARSET=utf8;
/*!40101 SET character_set_client = @saved_cs_client */;

--
-- Dumping data for table `payrollrosters`
--

LOCK TABLES `payrollrosters` WRITE;
/*!40000 ALTER TABLE `payrollrosters` DISABLE KEYS */;
INSERT INTO `payrollrosters` VALUES (1,1,1,0),(2,2,1,0),(3,3,1,0),(4,4,1,0),(5,5,1,0),(6,6,1,0),(7,7,1,0),(8,8,1,0),(9,9,1,0),(10,10,1,0),(16,1,2,0),(17,2,2,0),(18,3,2,0),(19,4,2,0),(20,5,2,0),(21,6,2,0),(22,7,2,0),(23,8,2,0),(24,9,2,0),(25,10,2,0);
/*!40000 ALTER TABLE `payrollrosters` ENABLE KEYS */;
UNLOCK TABLES;

--
-- Table structure for table `payrolls`
--

DROP TABLE IF EXISTS `payrolls`;
/*!40101 SET @saved_cs_client     = @@character_set_client */;
/*!40101 SET character_set_client = utf8 */;
CREATE TABLE `payrolls` (
  `payrolls_id` int(11) NOT NULL AUTO_INCREMENT,
  `payfrequencies_id` int(11) DEFAULT NULL,
  `start` date DEFAULT NULL,
  `end` date DEFAULT NULL,
  `paymentdate` date DEFAULT NULL,
  `notificationdatetime` timestamp NULL DEFAULT NULL,
  `status` tinyint(4) DEFAULT NULL,
  PRIMARY KEY (`payrolls_id`),
  KEY `payrolls_payfrequencies` (`payfrequencies_id`),
  KEY `status` (`status`),
  KEY `dates` (`start`,`end`,`paymentdate`,`notificationdatetime`),
  CONSTRAINT `payrolls_payfrequencies` FOREIGN KEY (`payfrequencies_id`) REFERENCES `payfrequencies` (`payfrequencies_id`) ON DELETE NO ACTION ON UPDATE NO ACTION
) ENGINE=InnoDB AUTO_INCREMENT=3 DEFAULT CHARSET=utf8;
/*!40101 SET character_set_client = @saved_cs_client */;

--
-- Dumping data for table `payrolls`
--

LOCK TABLES `payrolls` WRITE;
/*!40000 ALTER TABLE `payrolls` DISABLE KEYS */;
INSERT INTO `payrolls` VALUES (1,2,'2012-07-01','2012-07-15','2012-07-15','2012-07-15 09:00:00',0),(2,2,'2012-07-16','2012-07-31','2012-07-31','2012-07-31 09:00:00',0);
/*!40000 ALTER TABLE `payrolls` ENABLE KEYS */;
UNLOCK TABLES;

--
-- Table structure for table `schedules`
--

DROP TABLE IF EXISTS `schedules`;
/*!40101 SET @saved_cs_client     = @@character_set_client */;
/*!40101 SET character_set_client = utf8 */;
CREATE TABLE `schedules` (
  `schedules_id` int(11) NOT NULL AUTO_INCREMENT,
  `name` varchar(250) DEFAULT NULL,
  `remarks` text,
  PRIMARY KEY (`schedules_id`)
) ENGINE=InnoDB AUTO_INCREMENT=2 DEFAULT CHARSET=utf8;
/*!40101 SET character_set_client = @saved_cs_client */;

--
-- Dumping data for table `schedules`
--

LOCK TABLES `schedules` WRITE;
/*!40000 ALTER TABLE `schedules` DISABLE KEYS */;
INSERT INTO `schedules` VALUES (1,'Normal Schedule','Normal Schedule');
/*!40000 ALTER TABLE `schedules` ENABLE KEYS */;
UNLOCK TABLES;

--
-- Table structure for table `shifts`
--

DROP TABLE IF EXISTS `shifts`;
/*!40101 SET @saved_cs_client     = @@character_set_client */;
/*!40101 SET character_set_client = utf8 */;
CREATE TABLE `shifts` (
  `shifts_id` int(11) NOT NULL AUTO_INCREMENT,
  `schedules_id` int(11) DEFAULT NULL,
  `startdow` tinyint(4) DEFAULT NULL,
  `enddow` tinyint(4) DEFAULT NULL,
  `start` time DEFAULT NULL,
  `end` time DEFAULT NULL,
  `breaks` time DEFAULT NULL,
  PRIMARY KEY (`shifts_id`),
  KEY `shifts_schedules` (`schedules_id`),
  CONSTRAINT `shifts_schedules` FOREIGN KEY (`schedules_id`) REFERENCES `schedules` (`schedules_id`) ON DELETE NO ACTION ON UPDATE NO ACTION
) ENGINE=InnoDB AUTO_INCREMENT=6 DEFAULT CHARSET=utf8;
/*!40101 SET character_set_client = @saved_cs_client */;

--
-- Dumping data for table `shifts`
--

LOCK TABLES `shifts` WRITE;
/*!40000 ALTER TABLE `shifts` DISABLE KEYS */;
INSERT INTO `shifts` VALUES (1,1,1,1,'08:00:00','17:00:00','01:00:00'),(2,1,2,2,'08:00:00','17:00:00','01:00:00'),(3,1,3,3,'08:00:00','17:00:00','01:00:00'),(4,1,4,4,'08:00:00','17:00:00','01:00:00'),(5,1,5,5,'08:00:00','17:00:00','01:00:00');
/*!40000 ALTER TABLE `shifts` ENABLE KEYS */;
UNLOCK TABLES;

--
-- Table structure for table `users`
--

DROP TABLE IF EXISTS `users`;
/*!40101 SET @saved_cs_client     = @@character_set_client */;
/*!40101 SET character_set_client = utf8 */;
CREATE TABLE `users` (
  `users_id` int(11) NOT NULL AUTO_INCREMENT,
  `hr_id` int(11) DEFAULT NULL,
  `device_id` varchar(250) DEFAULT NULL,
  `schedules_id` int(11) DEFAULT NULL,
  `payfrequencies_id` int(11) DEFAULT NULL,
  `categories_id` int(11) DEFAULT NULL,
  `basicpay` decimal(10,0) DEFAULT NULL,
  `basicpaytype` enum('daily','monthly') DEFAULT NULL,
  `dayspermonth` float DEFAULT NULL,
  `hoursperday` float DEFAULT NULL,
  PRIMARY KEY (`users_id`),
  UNIQUE KEY `device_id` (`device_id`),
  KEY `users_schedules` (`schedules_id`),
  KEY `users_payfrequencies` (`payfrequencies_id`),
  KEY `users_categories` (`categories_id`),
  KEY `hr_id` (`hr_id`),
  KEY `basicpaytype` (`basicpaytype`),
  CONSTRAINT `users_schedules` FOREIGN KEY (`schedules_id`) REFERENCES `schedules` (`schedules_id`) ON DELETE NO ACTION ON UPDATE NO ACTION,
  CONSTRAINT `users_payfrequencies` FOREIGN KEY (`payfrequencies_id`) REFERENCES `payfrequencies` (`payfrequencies_id`) ON DELETE NO ACTION ON UPDATE NO ACTION,
  CONSTRAINT `users_categories` FOREIGN KEY (`categories_id`) REFERENCES `categories` (`categories_id`) ON DELETE NO ACTION ON UPDATE NO ACTION
) ENGINE=InnoDB AUTO_INCREMENT=1006 DEFAULT CHARSET=utf8;
/*!40101 SET character_set_client = @saved_cs_client */;

--
-- Dumping data for table `users`
--

LOCK TABLES `users` WRITE;
/*!40000 ALTER TABLE `users` DISABLE KEYS */;
INSERT INTO `users` VALUES (1,1,'1',1,2,1,'23000','monthly',21.75,8),(2,1006,'2',1,2,1,'27000','monthly',21.75,8),(3,3,'3',1,2,1,'20000','monthly',21.75,8),(4,4,'4',1,2,1,'24000','monthly',21.75,8),(5,5,'5',1,2,1,'20000','monthly',21.75,8),(6,6,'6',1,2,1,'24000','monthly',21.75,8),(7,7,'7',1,2,1,'34000','monthly',21.75,8),(8,8,'8',1,2,1,'20000','monthly',21.75,8),(9,9,'9',1,2,1,'39000','monthly',21.75,8),(10,10,'10',1,2,1,'39000','monthly',21.75,8);
/*!40000 ALTER TABLE `users` ENABLE KEYS */;
UNLOCK TABLES;

--
-- Final view structure for view `hr`
--

/*!50001 DROP TABLE IF EXISTS `hr`*/;
/*!50001 DROP VIEW IF EXISTS `hr`*/;
/*!50001 SET @saved_cs_client          = @@character_set_client */;
/*!50001 SET @saved_cs_results         = @@character_set_results */;
/*!50001 SET @saved_col_connection     = @@collation_connection */;
/*!50001 SET character_set_client      = utf8 */;
/*!50001 SET character_set_results     = utf8 */;
/*!50001 SET collation_connection      = utf8_general_ci */;
/*!50001 CREATE ALGORITHM=UNDEFINED */
/*!50013 DEFINER=`inter_admin`@`%` SQL SECURITY DEFINER */
/*!50001 VIEW `hr` AS select `users`.`Users_id` AS `hr_id`,`users`.`first_name` AS `first_name`,`users`.`last_name` AS `last_name`,`users`.`middle_name` AS `middle_name`,`users`.`prefix` AS `prefix`,`users`.`suffix` AS `suffix`,`title`.`name` AS `jobtitle`,`org`.`group_name` AS `group_name` from (((`cloudywayhr`.`Users` `users` left join `cloudywayhr`.`Employment` `emp` on((`users`.`Users_id` = `emp`.`Users_id`))) left join `cloudywayhr`.`EmploymentJobTitle` `title` on((`emp`.`job_title` = `title`.`EmploymentJobTitle_id`))) left join `cloudywayhr`.`Organization` `org` on((`emp`.`Organization_id` = `org`.`Organization_id`))) */;
/*!50001 SET character_set_client      = @saved_cs_client */;
/*!50001 SET character_set_results     = @saved_cs_results */;
/*!50001 SET collation_connection      = @saved_col_connection */;
/*!40103 SET TIME_ZONE=@OLD_TIME_ZONE */;

/*!40101 SET SQL_MODE=@OLD_SQL_MODE */;
/*!40014 SET FOREIGN_KEY_CHECKS=@OLD_FOREIGN_KEY_CHECKS */;
/*!40014 SET UNIQUE_CHECKS=@OLD_UNIQUE_CHECKS */;
/*!40101 SET CHARACTER_SET_CLIENT=@OLD_CHARACTER_SET_CLIENT */;
/*!40101 SET CHARACTER_SET_RESULTS=@OLD_CHARACTER_SET_RESULTS */;
/*!40101 SET COLLATION_CONNECTION=@OLD_COLLATION_CONNECTION */;
/*!40111 SET SQL_NOTES=@OLD_SQL_NOTES */;

-- Dump completed on 2012-08-08 17:15:15
